src_ip_count,dst_ip_count,label
0,0,0
0,0,0
0,0,0
0,0,0
0,0,0
0,0,0
0,0,0
0,0,0
0,0,0
0,0,0
0,0,0
0,0,0
0,0,0
0,0,0
0,0,0
0,0,0
0,0,0
0,0,0
0,0,0
1,1.0,0
0,0,0
0,0,0
0,0,0
0,0,0
0,0,0
0,0,0
0,0,0
1,1.0,0
0,0,0
0,0,0
0,0,0
0,0,0
1,0.5,0
1,1.0,0
0,0,0
0,0,0
1,1.0,0
0,0,0
1,1.0,0
0,0,0
2,0.5,0
0,0,0
0,0,0
2,0.5,0
0,0,0
0,0,0
0,0,0
1,1.0,0
0,0,0
1,1.0,0
0,0,0
2,0.5,0
2,0.5,0
0,0,0
1,1.0,0
0,0,0
1,1.0,0
0,0,0
0,0,0
0,0,0
0,0,0
2,0.5,0
1,1.0,0
1,1.0,0
1,1.0,0
1,1.0,0
0,0,0
0,0,0
0,0,0
1,1.0,0
0,0,0
3,0.3333333333333333,0
2,0.5,0
0,0,0
2,0.5,0
1,1.0,0
1,1.0,0
0,0,0
0,0,0
1,1.0,0
0,0,0
0,0,0
3,0.3333333333333333,0
2,0.5,0
2,0.5,0
0,0,0
0,0,0
0,0,0
2,0.5,0
3,0.3333333333333333,0
1,1.0,0
1,1.0,0
1,1.0,0
1,1.0,0
3,0.3333333333333333,0
1,1.0,0
1,1.0,0
0,0,0
1,1.0,0
2,0.5,0
0,0,0
4,0.25,0
0,0,0
1,1.0,0
2,0.5,0
0,0,0
1,1.0,0
0,0,0
1,1.0,0
1,1.0,0
1,1.0,0
1,1.0,0
0,0,0
0,0,0
1,0.5,0
1,1.0,0
3,0.3333333333333333,0
1,1.0,0
1,1.0,0
1,1.0,0
1,1.0,0
3,0.3333333333333333,0
1,1.0,0
1,1.0,0
2,0.5,0
1,1.0,0
1,1.0,0
1,1.0,0
2,0.5,0
2,0.5,0
1,1.0,0
0,0,0
0,0,0
1,1.0,0
1,1.0,0
2,0.5,0
0,0,0
4,0.25,0
0,0,0
3,0.3333333333333333,0
1,1.0,0
3,0.3333333333333333,0
0,0,0
1,1.0,0
2,0.5,0
3,0.3333333333333333,0
3,0.3333333333333333,0
0,0,0
0,0,0
2,0.5,0
0,0,0
0,0,0
1,1.0,0
3,0.3333333333333333,0
1,0.5,0
1,1.0,0
3,0.3333333333333333,0
1,1.0,0
0,0,0
2,0.5,0
1,1.0,0
2,0.5,0
0,0,0
2,0.5,0
1,1.0,0
3,0.3333333333333333,0
2,0.5,0
3,0.3333333333333333,0
1,1.0,0
3,0.3333333333333333,0
1,1.0,0
0,0,0
1,1.0,0
0,0,0
2,0.5,0
4,0.2,0
2,0.5,0
2,0.3333333333333333,0
2,0.5,0
1,1.0,0
1,1.0,0
2,0.5,0
3,0.3333333333333333,0
3,0.3333333333333333,0
1,1.0,0
0,0,0
3,0.3333333333333333,0
2,0.5,0
1,1.0,0
4,0.25,0
1,1.0,0
0,0,0
1,1.0,0
3,0.3333333333333333,0
2,0.5,0
1,1.0,0
0,0,0
2,0.5,0
0,0,0
0,0,0
1,1.0,0
2,0.5,0
2,0.5,0
1,1.0,0
1,1.0,0
0,0,0
2,0.5,0
3,0.3333333333333333,0
1,1.0,0
1,1.0,0
1,1.0,0
1,1.0,0
0,0,0
4,0.25,0
1,1.0,0
2,0.5,0
2,0.5,0
1,1.0,0
2,0.5,0
2,0.5,0
2,0.5,0
4,0.2,0
1,1.0,0
1,1.0,0
0,0,0
1,1.0,0
2,0.3333333333333333,0
1,1.0,0
4,0.25,0
2,0.3333333333333333,0
2,0.5,0
1,1.0,0
3,0.3333333333333333,0
1,1.0,0
1,1.0,0
2,0.5,0
2,0.5,0
1,1.0,0
1,1.0,0
3,0.3333333333333333,0
0,0,0
1,1.0,0
0,0,0
2,0.5,0
1,1.0,0
1,1.0,0
5,0.2,0
1,1.0,0
2,0.5,0
0,0,0
2,0.5,0
1,1.0,0
1,1.0,0
3,0.3333333333333333,0
2,0.5,0
3,0.3333333333333333,0
2,0.5,0
0,0,0
0,0,0
0,0,0
3,0.25,0
0,0,0
2,0.5,0
1,1.0,0
2,0.5,0
0,0,0
3,0.3333333333333333,0
3,0.25,0
1,1.0,0
1,1.0,0
2,0.5,0
0,0,0
4,0.25,0
1,1.0,0
2,0.5,0
1,1.0,0
2,0.5,0
3,0.3333333333333333,0
2,0.5,0
0,0,0
1,1.0,0
2,0.5,0
1,1.0,0
1,1.0,0
0,0,0
2,0.5,0
5,0.2,0
2,0.5,0
1,1.0,0
2,0.5,0
0,0,0
2,0.5,0
2,0.3333333333333333,0
2,0.5,0
2,0.5,0
1,1.0,0
2,0.5,0
4,0.25,0
1,1.0,0
1,1.0,0
5,0.16666666666666666,0
0,0,0
3,0.3333333333333333,0
1,1.0,0
2,0.5,0
0,0,0
1,1.0,0
1,1.0,0
1,1.0,0
3,0.3333333333333333,0
2,0.5,0
1,1.0,0
4,0.2,0
2,0.5,0
2,0.5,0
1,1.0,0
3,0.3333333333333333,0
3,0.3333333333333333,0
1,1.0,0
1,1.0,0
4,0.25,0
1,1.0,0
3,0.3333333333333333,0
2,0.5,0
1,1.0,0
0,0,0
2,0.5,0
4,0.25,0
1,1.0,0
2,0.5,0
2,0.5,0
4,0.25,0
2,0.5,0
5,0.2,0
1,1.0,0
2,0.5,0
4,0.25,0
3,0.3333333333333333,0
2,0.5,0
3,0.3333333333333333,0
1,1.0,0
3,0.3333333333333333,0
2,0.5,0
2,0.5,0
1,0.5,0
2,0.5,0
1,1.0,0
3,0.3333333333333333,0
1,1.0,0
3,0.3333333333333333,0
2,0.5,0
2,0.5,0
3,0.3333333333333333,0
3,0.3333333333333333,0
3,0.3333333333333333,0
6,0.16666666666666666,0
1,1.0,0
0,0,0
1,1.0,0
2,0.5,0
3,0.3333333333333333,0
0,0,0
1,1.0,0
3,0.3333333333333333,0
3,0.25,0
2,0.5,0
1,1.0,0
0,0,0
2,0.5,0
4,0.25,0
2,0.5,0
3,0.3333333333333333,0
1,1.0,0
1,1.0,0
0,0,0
2,0.5,0
1,1.0,0
1,1.0,0
0,0,0
2,0.5,0
3,0.3333333333333333,0
1,1.0,0
1,1.0,0
2,0.5,0
2,0.5,0
1,1.0,0
2,0.5,0
2,0.5,0
1,1.0,0
2,0.5,0
1,1.0,0
2,0.5,0
3,0.3333333333333333,0
3,0.3333333333333333,0
1,1.0,0
3,0.3333333333333333,0
1,1.0,0
2,0.5,0
3,0.3333333333333333,0
0,0,0
1,1.0,0
3,0.3333333333333333,0
2,0.5,0
1,1.0,0
0,0,0
2,0.5,0
1,1.0,0
2,0.5,0
1,1.0,0
1,1.0,0
2,0.5,0
0,0,0
1,1.0,0
2,0.5,0
3,0.3333333333333333,0
2,0.5,0
4,0.25,0
1,1.0,0
1,1.0,0
1,1.0,0
3,0.3333333333333333,0
2,0.5,0
1,1.0,0
1,1.0,0
3,0.3333333333333333,0
2,0.5,0
2,0.5,0
2,0.5,0
1,1.0,0
1,1.0,0
1,1.0,0
3,0.3333333333333333,0
3,0.3333333333333333,0
1,1.0,0
3,0.3333333333333333,0
1,1.0,0
0,0,0
1,1.0,0
0,0,0
2,0.5,0
2,0.5,0
2,0.5,0
0,0,0
0,0,0
3,0.25,0
2,0.5,0
0,0,0
2,0.5,0
2,0.5,0
0,0,0
2,0.5,0
2,0.5,0
2,0.5,0
4,0.25,0
1,1.0,0
4,0.25,0
0,0,0
6,0.14285714285714285,0
3,0.3333333333333333,0
2,0.5,0
1,1.0,0
0,0,0
1,1.0,0
1,1.0,0
1,1.0,0
2,0.5,0
0,0,0
2,0.5,0
0,0,0
4,0.25,0
0,0,0
4,0.25,0
2,0.5,0
0,0,0
0,0,0
4,0.25,0
0,0,0
1,1.0,0
2,0.5,0
0,0,0
1,1.0,0
1,0.5,0
0,0,0
1,1.0,0
1,1.0,0
1,1.0,0
3,0.3333333333333333,0
1,1.0,0
0,0,0
2,0.5,0
0,0,0
2,0.5,0
2,0.5,0
3,0.3333333333333333,0
0,0,0
3,0.3333333333333333,0
1,1.0,0
0,0,0
0,0,0
1,1.0,0
2,0.5,0
3,0.3333333333333333,0
0,0,0
4,0.25,0
2,0.5,0
0,0,0
2,0.5,0
1,1.0,0
1,1.0,0
2,0.5,0
0,0,0
2,0.5,0
1,1.0,0
2,0.5,0
2,0.5,0
3,0.3333333333333333,0
0,0,0
3,0.3333333333333333,0
1,1.0,0
1,1.0,0
3,0.3333333333333333,0
2,0.5,0
1,1.0,0
1,1.0,0
0,0,0
1,1.0,0
1,1.0,0
1,1.0,0
0,0,0
0,0,0
1,1.0,0
2,0.5,0
2,0.5,0
1,0.5,0
2,0.5,0
1,1.0,0
2,0.5,0
3,0.3333333333333333,0
1,1.0,0
2,0.5,0
1,1.0,0
1,1.0,0
1,1.0,0
1,1.0,0
4,0.25,0
1,1.0,0
0,0,0
2,0.5,0
1,1.0,0
0,0,0
2,0.5,0
1,1.0,0
0,0,0
2,0.5,0
1,1.0,0
2,0.5,0
0,0,0
1,1.0,0
1,1.0,0
0,0,0
2,0.5,0
2,0.5,0
0,0,0
1,1.0,0
0,0,0
0,0,0
2,0.5,0
2,0.5,0
0,0,0
3,0.3333333333333333,0
0,0,0
1,1.0,0
3,0.3333333333333333,0
1,1.0,0
1,1.0,0
0,0,0
2,0.5,0
1,1.0,0
1,1.0,0
2,0.5,0
0,0,0
2,0.5,0
0,0,0
1,1.0,0
2,0.5,0
1,1.0,0
3,0.25,0
2,0.5,0
1,1.0,0
0,0,0
3,0.3333333333333333,0
1,1.0,0
1,1.0,0
0,0,0
3,0.3333333333333333,0
1,1.0,0
2,0.5,0
0,0,0
3,0.25,0
3,0.3333333333333333,0
1,1.0,0
1,1.0,0
1,1.0,0
0,0,0
3,0.3333333333333333,0
1,1.0,0
1,1.0,0
1,1.0,0
0,0,0
0,0,0
0,0,0
0,0,0
3,0.3333333333333333,0
1,1.0,0
3,0.25,0
4,0.2,0
1,1.0,0
0,0,0
0,0,0
0,0,0
0,0,0
1,1.0,0
1,1.0,0
3,0.3333333333333333,0
0,0,0
0,0,0
2,0.5,0
0,0,0
1,1.0,0
2,0.5,0
1,1.0,0
2,0.5,0
2,0.5,0
0,0,0
1,1.0,0
3,0.3333333333333333,0
2,0.5,0
1,1.0,0
1,1.0,0
0,0,0
1,1.0,0
3,0.3333333333333333,0
1,1.0,0
0,0,0
1,1.0,0
4,0.2,0
0,0,0
0,0,0
2,0.5,0
1,1.0,0
0,0,0
2,0.5,0
1,1.0,0
0,0,0
2,0.5,0
1,1.0,0
1,1.0,0
0,0,0
5,0.2,0
2,0.5,0
1,1.0,0
0,0,0
0,0,0
3,0.3333333333333333,0
0,0,0
2,0.5,0
3,0.3333333333333333,0
1,1.0,0
1,1.0,0
0,0,0
2,0.5,0
1,1.0,0
2,0.5,0
2,0.5,0
1,1.0,0
0,0,0
1,1.0,0
1,1.0,0
1,1.0,0
2,0.5,0
0,0,0
1,1.0,0
2,0.5,0
0,0,0
2,0.5,0
1,1.0,0
1,1.0,0
1,1.0,0
1,1.0,0
1,1.0,0
2,0.3333333333333333,0
2,0.5,0
1,1.0,0
2,0.5,0
3,0.3333333333333333,0
0,0,0
3,0.3333333333333333,0
1,1.0,0
4,0.25,0
1,1.0,0
1,1.0,0
1,1.0,0
0,0,0
1,1.0,0
1,1.0,0
2,0.5,0
4,0.25,0
1,1.0,0
3,0.3333333333333333,0
1,1.0,0
1,1.0,0
2,0.3333333333333333,0
1,1.0,0
2,0.5,0
0,0,0
0,0,0
0,0,0
1,1.0,0
3,0.3333333333333333,0
2,0.3333333333333333,0
0,0,0
0,0,0
3,0.3333333333333333,0
3,0.3333333333333333,0
1,1.0,0
1,1.0,0
0,0,0
0,0,0
2,0.5,0
2,0.5,0
4,0.25,0
1,1.0,0
1,0.5,0
1,1.0,0
0,0,0
2,0.5,0
3,0.3333333333333333,0
1,1.0,0
0,0,0
1,1.0,0
2,0.5,0
3,0.3333333333333333,0
1,1.0,0
0,0,0
0,0,0
2,0.5,0
2,0.5,0
2,0.5,0
0,0,0
2,0.5,0
0,0,0
2,0.5,0
3,0.3333333333333333,0
1,1.0,0
1,1.0,0
2,0.5,0
1,1.0,0
4,0.25,0
1,1.0,0
0,0,0
2,0.5,0
0,0,0
0,0,0
2,0.5,0
2,0.5,0
1,1.0,0
1,1.0,0
0,0,0
4,0.25,0
1,1.0,0
3,0.3333333333333333,0
1,1.0,0
2,0.5,0
3,0.3333333333333333,0
1,1.0,0
0,0,0
2,0.5,0
2,0.5,0
3,0.25,0
2,0.5,0
3,0.3333333333333333,0
2,0.5,0
0,0,0
3,0.25,0
1,1.0,0
0,0,0
1,1.0,0
2,0.5,0
1,1.0,0
0,0,0
0,0,0
1,1.0,0
3,0.3333333333333333,0
2,0.5,0
1,1.0,0
0,0,0
5,0.2,0
2,0.5,0
2,0.5,0
0,0,0
2,0.5,0
1,1.0,0
1,1.0,0
1,1.0,0
3,0.3333333333333333,0
0,0,0
3,0.3333333333333333,0
0,0,0
0,0,0
1,1.0,0
3,0.3333333333333333,0
1,0.5,0
0,0,0
0,0,0
2,0.5,0
1,1.0,0
1,1.0,0
1,1.0,0
1,1.0,0
2,0.5,0
2,0.5,0
2,0.5,0
2,0.5,0
2,0.5,0
0,0,0
2,0.5,0
1,1.0,0
2,0.5,0
1,1.0,0
1,1.0,0
0,0,0
1,1.0,0
1,1.0,0
0,0,0
1,1.0,0
2,0.5,0
4,0.25,0
1,1.0,0
3,0.25,0
3,0.3333333333333333,0
0,0,0
3,0.3333333333333333,0
0,0,0
2,0.5,0
1,1.0,0
2,0.5,0
2,0.5,0
2,0.5,0
4,0.25,0
1,1.0,0
0,0,0
1,1.0,0
2,0.5,0
2,0.5,0
0,0,0
2,0.5,0
3,0.3333333333333333,0
4,0.25,0
4,0.25,0
0,0,0
2,0.5,0
3,0.3333333333333333,0
1,1.0,0
2,0.5,0
3,0.3333333333333333,0
1,1.0,0
1,1.0,0
1,1.0,0
2,0.5,0
3,0.3333333333333333,0
2,0.5,0
1,1.0,0
0,0,0
1,1.0,0
1,1.0,0
5,0.2,0
2,0.5,0
0,0,0
2,0.5,0
2,0.5,0
3,0.25,0
1,1.0,0
0,0,0
4,0.25,0
7,0.125,0
3,0.3333333333333333,0
0,0,0
2,0.5,0
1,1.0,0
2,0.5,0
4,0.25,0
1,1.0,0
2,0.5,0
1,1.0,0
4,0.25,0
1,1.0,0
1,1.0,0
5,0.2,0
1,1.0,0
2,0.5,0
2,0.5,0
3,0.3333333333333333,0
2,0.5,0
1,1.0,0
1,1.0,0
4,0.2,0
4,0.25,0
2,0.5,0
3,0.3333333333333333,0
5,0.2,0
1,1.0,0
4,0.25,0
1,1.0,0
3,0.3333333333333333,0
3,0.3333333333333333,0
3,0.3333333333333333,0
2,0.5,0
3,0.3333333333333333,0
1,1.0,0
1,1.0,0
5,0.2,0
2,0.5,0
0,0,0
4,0.25,0
0,0,0
3,0.3333333333333333,0
2,0.5,0
3,0.3333333333333333,0
0,0,0
1,1.0,0
2,0.5,0
4,0.25,0
2,0.5,0
3,0.3333333333333333,0
4,0.25,0
2,0.5,0
1,1.0,0
5,0.16666666666666666,0
3,0.3333333333333333,0
1,1.0,0
5,0.2,0
2,0.5,0
3,0.3333333333333333,0
1,1.0,0
0,0,0
2,0.5,0
0,0,0
2,0.5,0
1,1.0,0
3,0.3333333333333333,0
3,0.3333333333333333,0
4,0.25,0
0,0,0
3,0.3333333333333333,0
3,0.3333333333333333,0
4,0.25,0
1,1.0,0
2,0.5,0
3,0.25,0
1,1.0,0
0,0,0
6,0.16666666666666666,0
3,0.3333333333333333,0
2,0.5,0
2,0.5,0
1,1.0,0
2,0.5,0
3,0.3333333333333333,0
4,0.25,0
3,0.3333333333333333,0
0,0,0
1,1.0,0
2,0.5,0
1,1.0,0
2,0.5,0
0,0,0
2,0.5,0
2,0.5,0
2,0.5,0
1,1.0,0
1,1.0,0
0,0,0
3,0.3333333333333333,0
3,0.3333333333333333,0
4,0.25,0
1,1.0,0
1,1.0,0
4,0.25,0
3,0.25,0
0,0,0
3,0.3333333333333333,0
1,1.0,0
3,0.3333333333333333,0
1,1.0,0
2,0.5,0
5,0.2,0
2,0.5,0
0,0,0
1,1.0,0
2,0.5,0
2,0.5,0
2,0.5,0
1,1.0,0
3,0.25,0
0,0,0
2,0.5,0
2,0.5,0
1,1.0,0
2,0.5,0
4,0.25,0
3,0.3333333333333333,0
1,1.0,0
2,0.5,0
2,0.5,0
1,1.0,0
3,0.3333333333333333,0
3,0.3333333333333333,0
0,0,0
1,1.0,0
2,0.5,0
3,0.3333333333333333,0
0,0,0
4,0.25,0
0,0,0
1,1.0,0
3,0.3333333333333333,0
1,1.0,0
2,0.5,0
2,0.5,0
1,1.0,0
8,0.125,0
0,0,0
1,1.0,0
3,0.3333333333333333,0
1,1.0,0
2,0.5,0
2,0.5,0
3,0.3333333333333333,0
0,0,0
0,0,0
2,0.5,0
4,0.25,0
1,1.0,0
4,0.25,0
1,1.0,0
5,0.2,0
2,0.5,0
2,0.5,0
0,0,0
2,0.5,0
3,0.3333333333333333,0
0,0,0
1,1.0,0
2,0.5,0
1,1.0,0
0,0,0
4,0.25,0
1,1.0,0
2,0.5,0
3,0.3333333333333333,0
1,1.0,0
0,0,0
1,1.0,0
5,0.2,0
1,1.0,0
1,1.0,0
1,1.0,0
3,0.3333333333333333,0
2,0.5,0
3,0.3333333333333333,0
1,1.0,0
1,1.0,0
2,0.5,0
1,1.0,0
0,0,0
2,0.5,0
2,0.5,0
1,1.0,0
0,0,0
1,1.0,0
4,0.25,0
6,0.16666666666666666,0
1,1.0,0
2,0.3333333333333333,0
0,0,0
1,1.0,0
1,1.0,0
4,0.25,0
1,1.0,0
3,0.3333333333333333,0
2,0.5,0
3,0.3333333333333333,0
2,0.5,0
1,1.0,0
2,0.5,0
1,1.0,0
3,0.3333333333333333,0
1,1.0,0
1,1.0,0
1,1.0,0
1,1.0,0
2,0.5,0
1,1.0,0
3,0.25,0
3,0.3333333333333333,0
1,1.0,0
2,0.5,0
1,1.0,0
0,0,0
1,1.0,0
1,1.0,0
1,1.0,0
1,1.0,0
1,1.0,0
2,0.5,0
3,0.3333333333333333,0
2,0.5,0
2,0.5,0
1,1.0,0
0,0,0
5,0.2,0
2,0.5,0
3,0.3333333333333333,0
1,1.0,0
1,1.0,0
2,0.5,0
2,0.3333333333333333,0
0,0,0
0,0,0
0,0,0
3,0.3333333333333333,0
0,0,0
1,1.0,0
1,1.0,0
2,0.3333333333333333,0
1,1.0,0
3,0.25,0
2,0.5,0
3,0.3333333333333333,0
3,0.25,0
1,1.0,0
1,1.0,0
1,1.0,0
0,0,0
2,0.5,0
1,1.0,0
4,0.25,0
2,0.5,0
1,1.0,0
2,0.5,0
0,0,0
1,1.0,0
3,0.3333333333333333,0
0,0,0
1,1.0,0
3,0.3333333333333333,0
2,0.3333333333333333,0
3,0.3333333333333333,0
2,0.5,0
0,0,0
2,0.5,0
2,0.5,0
1,1.0,0
2,0.5,0
2,0.5,0
0,0,0
3,0.3333333333333333,0
1,1.0,0
1,1.0,0
0,0,0
3,0.3333333333333333,0
1,1.0,0
1,1.0,0
0,0,0
1,1.0,0
2,0.5,0
2,0.5,0
1,1.0,0
0,0,0
2,0.5,0
1,1.0,0
2,0.5,0
1,1.0,0
3,0.3333333333333333,0
0,0,0
2,0.5,0
2,0.5,0
3,0.3333333333333333,0
3,0.3333333333333333,0
0,0,0
2,0.5,0
2,0.5,0
0,0,0
1,1.0,0
0,0,0
1,1.0,0
3,0.3333333333333333,0
1,1.0,0
0,0,0
0,0,0
5,0.2,0
0,0,0
2,0.5,0
1,1.0,0
2,0.5,0
1,1.0,0
2,0.5,0
0,0,0
2,0.5,0
1,1.0,0
0,0,0
1,1.0,0
0,0,0
3,0.3333333333333333,0
2,0.5,0
0,0,0
2,0.5,0
2,0.5,0
1,1.0,0
0,0,0
2,0.5,0
1,1.0,0
3,0.3333333333333333,0
0,0,0
0,0,0
0,0,0
2,0.5,0
3,0.3333333333333333,0
1,1.0,0
0,0,0
1,1.0,0
0,0,0
1,1.0,0
1,1.0,0
2,0.5,0
1,1.0,0
1,1.0,0
1,1.0,0
1,1.0,0
2,0.3333333333333333,0
1,1.0,0
1,1.0,0
0,0,0
1,1.0,0
2,0.5,0
0,0,0
1,1.0,0
3,0.3333333333333333,0
2,0.5,0
0,0,0
0,0,0
1,1.0,0
0,0,0
1,1.0,0
0,0,0
0,0,0
2,0.5,0
1,1.0,0
0,0,0
0,0,0
2,0.5,0
2,0.5,0
1,1.0,0
0,0,0
1,1.0,0
0,0,0
1,1.0,0
1,1.0,0
3,0.3333333333333333,0
3,0.3333333333333333,0
1,1.0,0
0,0,0
0,0,0
3,0.3333333333333333,0
2,0.5,0
0,0,0
0,0,0
1,1.0,0
1,1.0,0
1,1.0,0
1,1.0,0
0,0,0
3,0.3333333333333333,0
2,0.5,0
1,1.0,0
1,1.0,0
1,1.0,0
2,0.5,0
0,0,0
1,1.0,0
0,0,0
0,0,0
1,1.0,0
3,0.3333333333333333,0
1,1.0,0
2,0.5,0
0,0,0
1,1.0,0
2,0.5,0
2,0.5,0
2,0.5,0
2,0.5,0
1,1.0,0
1,1.0,0
2,0.3333333333333333,0
2,0.5,0
0,0,0
0,0,0
1,1.0,0
0,0,0
4,0.25,0
0,0,0
1,1.0,0
1,1.0,0
3,0.3333333333333333,0
2,0.5,0
1,1.0,0
1,1.0,0
2,0.5,0
2,0.5,0
1,1.0,0
0,0,0
1,1.0,0
0,0,0
3,0.3333333333333333,0
0,0,0
4,0.25,0
0,0,0
3,0.3333333333333333,0
1,1.0,0
2,0.5,0
0,0,0
0,0,0
0,0,0
1,0.5,0
1,1.0,0
0,0,0
2,0.5,0
0,0,0
0,0,0
3,0.3333333333333333,0
3,0.3333333333333333,0
0,0,0
2,0.5,0
1,1.0,0
2,0.5,0
0,0,0
3,0.3333333333333333,0
2,0.5,0
1,1.0,0
0,0,0
2,0.5,0
1,1.0,0
1,1.0,0
2,0.5,0
1,1.0,0
1,1.0,0
2,0.5,0
1,1.0,0
0,0,0
1,1.0,0
1,1.0,0
2,0.5,0
0,0,0
0,0,0
1,1.0,0
1109,0.000881057268722467,1
6291,0.00014667057788207686,1
8972,9.954210631096954e-05,1
6287,0.00014534883720930232,1
7396,0.0001226993865030675,1
7285,0.00012411567580985477,1
9335,9.363295880149813e-05,1
9770,9.014693951140358e-05,1
11536,7.40905386382159e-05,1
11967,7.0876745339854e-05,1
17481,4.4710721631047124e-05,1
7111,0.00012825445684237527,1
5463,0.00016977928692699492,1
7355,0.0001238850346878097,1
7802,0.00011519410206197443,1
9993,8.697921196833956e-05,1
12706,6.619447938041967e-05,1
5296,0.00017577781683951485,1
9528,9.27213722763097e-05,1
7795,0.00011583458820803892,1
9220,9.560229445506692e-05,1
7765,0.00011637379262190155,1
8665,0.00010294420424130121,1
10136,8.578536501672814e-05,1
6426,0.00014310246136233542,1
10132,8.605851979345956e-05,1
8249,0.00010843634786380394,1
9454,9.303190994511117e-05,1
9373,9.379983116030391e-05,1
9281,9.512937595129375e-05,1
6799,0.00013388673182487614,1
9209,9.619084263178146e-05,1
5950,0.0001557389814670612,1
12738,6.591957811470006e-05,1
11398,7.525020693806908e-05,1
9070,9.795278675678323e-05,1
8364,0.00010783996549121104,1
8370,0.00010718113612004287,1
7242,0.00012518778167250875,1
6766,0.00013480722566729578,1
13386,6.243366423175376e-05,1
5323,0.00017488632388947185,1
11119,7.704753833115032e-05,1
7621,0.00011753643629525152,1
14560,5.6085249579360626e-05,1
7669,0.00011719207781553967,1
6357,0.0001446968600781363,1
10330,8.465250148141877e-05,1
7188,0.00012610340479192938,1
7476,0.0001211827435773146,1
9441,9.354536950420954e-05,1
8354,0.00010691756655618518,1
7769,0.00011603620329542818,1
6677,0.00013747594171020073,1
8557,0.00010444955086693127,1
12892,6.533812479581836e-05,1
12187,6.951685783802571e-05,1
15126,5.337603416066186e-05,1
10572,8.21827744904668e-05,1
7263,0.00012470382840753212,1
11349,7.579202667879339e-05,1
10340,8.418925745074928e-05,1
15551,5.184570717544587e-05,1
10813,7.933989209774674e-05,1
9763,8.961376467425397e-05,1
8735,0.00010154346060113728,1
11349,7.517101405697962e-05,1
8896,0.00010015022533800701,1
9180,9.607993850883935e-05,1
9672,9.076881183625306e-05,1
8627,0.00010347682119205298,1
5518,0.00016823687752355316,1
7835,0.00011506155793349442,1
9654,9.085953116481919e-05,1
20134,3.7234240607662805e-05,1
9768,8.954154727793696e-05,1
17602,4.462094507161662e-05,1
15689,5.1535765821480104e-05,1
9259,9.505703422053231e-05,1
10499,8.233163181294254e-05,1
5666,0.00016350555918901244,1
14138,5.806863712908658e-05,1
8851,0.00010004001600640257,1
6932,0.00013170025023047545,1
15534,5.206977349648529e-05,1
8046,0.00011086474501108647,1
12276,6.958942240779402e-05,1
12394,6.848376934666484e-05,1
10493,8.236553825879252e-05,1
8114,0.00011031439602868175,1
11896,7.157683773530885e-05,1
9297,9.467007478935909e-05,1
11433,7.48671108781912e-05,1
9635,9.119927040583675e-05,1
9245,9.585889570552147e-05,1
6253,0.0001467782181124321,1
8667,0.00010253255408592229,1
7798,0.00011515430677107324,1
11939,7.139287499107589e-05,1
12873,6.530825496342738e-05,1
9404,9.279020135473695e-05,1
9762,9.007386056566384e-05,1
6682,0.00013672409078479628,1
14725,5.559570801134152e-05,1
7118,0.00012711325791280032,1
13392,6.212337702677517e-05,1
12400,6.83854202284073e-05,1
6534,0.0001405678942929435,1
14402,5.733287467033597e-05,1
11162,7.803355442840422e-05,1
10465,8.259684480052862e-05,1
6669,0.00013693002875530603,1
11061,7.802137785753296e-05,1
12016,7.104795737122558e-05,1
11144,7.72021925422682e-05,1
10320,8.409014463504877e-05,1
7701,0.00011678150181011328,1
8839,0.00010074551682450131,1
6007,0.00015365703749231714,1
8481,0.00010525207872855489,1
8417,0.00010629251700680272,1
14406,5.738222298731853e-05,1
10664,8.127438231469441e-05,1
14485,5.654509471303364e-05,1
10770,8.032773716764399e-05,1
5407,0.00017301038062283736,1
9331,9.499382540134892e-05,1
7922,0.00011352026336701102,1
9514,9.219988936013277e-05,1
8734,0.00010223903486351089,1
13726,6.028090903610827e-05,1
10980,7.872156183578682e-05,1
15749,5.109600940166573e-05,1
10908,7.907638779060572e-05,1
8711,0.00010300782859497322,1
18249,4.247186239116585e-05,1
8603,0.00010415581710238516,1
9183,9.582215408202377e-05,1
10118,8.595495960116899e-05,1
6923,0.00013095861707700367,1
15485,5.239442523315519e-05,1
9208,9.622786759045419e-05,1
6812,0.00013419216317767042,1
9675,9.065361254645998e-05,1
4301,0.00021925016443762334,0
2,0.5,0
0,0,0
0,0,0
1,1.0,0
1,1.0,0
0,0,0
0,0,0
0,0,0
2,0.5,0
1,1.0,0
0,0,0
0,0,0
0,0,0
0,0,0
0,0,0
1,1.0,0
0,0,0
0,0,0
0,0,0
1,1.0,0
0,0,0
0,0,0
1,1.0,0
2,0.5,0
0,0,0
0,0,0
1,0.5,0
0,0,0
0,0,0
0,0,0
1,1.0,0
0,0,0
1,1.0,0
0,0,0
1,1.0,0
1,1.0,0
0,0,0
0,0,0
0,0,0
1,1.0,0
1,1.0,0
2,0.5,0
0,0,0
1,1.0,0
0,0,0
0,0,0
0,0,0
1,1.0,0
0,0,0
1,1.0,0
0,0,0
0,0,0
0,0,0
0,0,0
1,1.0,0
1,0.5,0
1,1.0,0
0,0,0
0,0,0
0,0,0
1,1.0,0
1,1.0,0
0,0,0
1,1.0,0
0,0,0
0,0,0
0,0,0
1,1.0,0
0,0,0
0,0,0
0,0,0
1,1.0,0
0,0,0
1,1.0,0
1,1.0,0
3,0.3333333333333333,0
0,0,0
0,0,0
0,0,0
0,0,0
1,1.0,0
0,0,0
0,0,0
1,1.0,0
0,0,0
0,0,0
1,1.0,0
0,0,0
0,0,0
0,0,0
0,0,0
1,1.0,0
1,1.0,0
1,1.0,0
0,0,0
0,0,0
0,0,0
4,0.25,0
1,1.0,0
0,0,0
1,1.0,0
0,0,0
1,1.0,0
0,0,0
1,1.0,0
0,0,0
2,0.5,0
2,0.3333333333333333,0
0,0,0
1,1.0,0
2,0.3333333333333333,0
1,1.0,0
1,1.0,0
1,1.0,0
3,0.3333333333333333,0
2,0.5,0
0,0,0
0,0,0
2,0.3333333333333333,0
1,1.0,0
1,1.0,0
1,1.0,0
0,0,0
1,0.5,0
2,0.5,0
1,1.0,0
1,1.0,0
2,0.5,0
0,0,0
0,0,0
1,1.0,0
0,0,0
3,0.3333333333333333,0
1,1.0,0
2,0.5,0
0,0,0
1,1.0,0
2,0.5,0
1,1.0,0
1,1.0,0
1,1.0,0
1,1.0,0
3,0.25,0
1,1.0,0
1,1.0,0
1,1.0,0
3,0.25,0
2,0.5,0
2,0.5,0
2,0.5,0
3,0.3333333333333333,0
1,1.0,0
0,0,0
4,0.2,0
2,0.5,0
3,0.25,0
1,1.0,0
1,1.0,0
2,0.5,0
1,1.0,0
2,0.3333333333333333,0
3,0.3333333333333333,0
0,0,0
1,1.0,0
2,0.5,0
1,1.0,0
3,0.3333333333333333,0
1,1.0,0
1,1.0,0
2,0.3333333333333333,0
1,1.0,0
2,0.5,0
2,0.5,0
2,0.5,0
4,0.2,0
1,1.0,0
1,1.0,0
1,1.0,0
0,0,0
2,0.3333333333333333,0
0,0,0
1,1.0,0
3,0.3333333333333333,0
2,0.5,0
2,0.5,0
0,0,0
2,0.5,0
0,0,0
2,0.5,0
2,0.5,0
2,0.5,0
0,0,0
2,0.5,0
0,0,0
2,0.5,0
3,0.25,0
0,0,0
1,1.0,0
5,0.2,0
2,0.5,0
1,1.0,0
1,1.0,0
1,1.0,0
2,0.5,0
3,0.3333333333333333,0
1,1.0,0
2,0.5,0
3,0.3333333333333333,0
0,0,0
2,0.5,0
1,1.0,0
1,1.0,0
2,0.5,0
1,1.0,0
3,0.3333333333333333,0
3,0.3333333333333333,0
1,1.0,0
1,1.0,0
1,1.0,0
2,0.5,0
0,0,0
1,1.0,0
1,1.0,0
2,0.5,0
4,0.25,0
0,0,0
2,0.5,0
2,0.5,0
1,1.0,0
1,1.0,0
0,0,0
2,0.5,0
3,0.3333333333333333,0
1,1.0,0
1,0.5,0
3,0.3333333333333333,0
2,0.5,0
1,1.0,0
0,0,0
1,1.0,0
2,0.5,0
1,1.0,0
2,0.5,0
1,1.0,0
2,0.5,0
3,0.3333333333333333,0
1,1.0,0
2,0.5,0
2,0.5,0
0,0,0
3,0.3333333333333333,0
1,1.0,0
2,0.5,0
1,1.0,0
0,0,0
0,0,0
2,0.5,0
2,0.5,0
3,0.3333333333333333,0
0,0,0
1,1.0,0
2,0.5,0
1,1.0,0
1,1.0,0
3,0.3333333333333333,0
0,0,0
3,0.3333333333333333,0
1,1.0,0
1,1.0,0
0,0,0
1,1.0,0
0,0,0
2,0.5,0
2,0.5,0
3,0.3333333333333333,0
2,0.5,0
4,0.25,0
1,1.0,0
0,0,0
1,1.0,0
2,0.5,0
2,0.5,0
1,1.0,0
2,0.5,0
2,0.5,0
0,0,0
1,1.0,0
1,1.0,0
0,0,0
2,0.5,0
2,0.5,0
2,0.5,0
2,0.5,0
1,1.0,0
1,1.0,0
0,0,0
2,0.5,0
1,1.0,0
1,1.0,0
3,0.3333333333333333,0
0,0,0
3,0.3333333333333333,0
2,0.5,0
1,1.0,0
3,0.3333333333333333,0
3,0.3333333333333333,0
2,0.5,0
1,1.0,0
1,1.0,0
1,1.0,0
1,1.0,0
1,1.0,0
1,1.0,0
3,0.25,0
1,1.0,0
0,0,0
1,1.0,0
2,0.5,0
1,1.0,0
0,0,0
2,0.5,0
1,1.0,0
4,0.25,0
2,0.5,0
0,0,0
1,1.0,0
2,0.5,0
4,0.25,0
1,1.0,0
3,0.3333333333333333,0
0,0,0
1,1.0,0
0,0,0
0,0,0
2,0.5,0
1,1.0,0
0,0,0
2,0.5,0
3,0.3333333333333333,0
2,0.5,0
3,0.3333333333333333,0
0,0,0
1,1.0,0
1,1.0,0
1,1.0,0
3,0.3333333333333333,0
0,0,0
2,0.5,0
2,0.5,0
0,0,0
2,0.5,0
0,0,0
1,1.0,0
1,1.0,0
2,0.5,0
2,0.3333333333333333,0
0,0,0
1,1.0,0
3,0.3333333333333333,0
0,0,0
1,1.0,0
0,0,0
1,1.0,0
1,1.0,0
2,0.5,0
2,0.5,0
2,0.5,0
1,1.0,0
1,1.0,0
0,0,0
3,0.3333333333333333,0
3,0.3333333333333333,0
1,1.0,0
3,0.3333333333333333,0
0,0,0
4,0.25,0
1,1.0,0
1,1.0,0
1,1.0,0
2,0.5,0
2,0.5,0
0,0,0
4,0.25,0
2,0.5,0
1,1.0,0
1,1.0,0
1,1.0,0
5,0.2,0
0,0,0
2,0.5,0
1,1.0,0
1,1.0,0
1,1.0,0
2,0.5,0
1,1.0,0
0,0,0
1,1.0,0
0,0,0
3,0.3333333333333333,0
2,0.5,0
4,0.25,0
2,0.5,0
1,1.0,0
2,0.5,0
0,0,0
2,0.5,0
1,1.0,0
1,1.0,0
1,1.0,0
3,0.3333333333333333,0
1,1.0,0
0,0,0
0,0,0
2,0.5,0
0,0,0
4,0.25,0
3,0.3333333333333333,0
2,0.5,0
3,0.3333333333333333,0
3,0.25,0
0,0,0
1,1.0,0
2,0.5,0
3,0.3333333333333333,0
2,0.5,0
2,0.3333333333333333,0
1,1.0,0
1,1.0,0
3,0.25,0
2,0.5,0
1,1.0,0
4,0.25,0
1,1.0,0
0,0,0
2,0.5,0
1,1.0,0
3,0.3333333333333333,0
2,0.5,0
1,1.0,0
4,0.25,0
1,1.0,0
7,0.14285714285714285,0
1,1.0,0
1,1.0,0
1,1.0,0
1,1.0,0
3,0.3333333333333333,0
0,0,0
1,1.0,0
2,0.5,0
3,0.3333333333333333,0
0,0,0
4,0.25,0
3,0.3333333333333333,0
3,0.3333333333333333,0
0,0,0
2,0.5,0
2,0.5,0
1,1.0,0
2,0.5,0
0,0,0
1,1.0,0
1,1.0,0
2,0.3333333333333333,0
0,0,0
0,0,0
2,0.5,0
1,1.0,0
1,1.0,0
3,0.3333333333333333,0
2,0.5,0
3,0.3333333333333333,0
0,0,0
1,1.0,0
2,0.5,0
2,0.5,0
1,1.0,0
2,0.5,0
1,1.0,0
2,0.5,0
2,0.5,0
3,0.3333333333333333,0
2,0.5,0
1,1.0,0
0,0,0
1,1.0,0
0,0,0
0,0,0
2,0.5,0
3,0.3333333333333333,0
2,0.5,0
1,1.0,0
1,1.0,0
1,1.0,0
0,0,0
3,0.3333333333333333,0
1,1.0,0
2,0.5,0
0,0,0
0,0,0
1,1.0,0
2,0.5,0
0,0,0
0,0,0
1,1.0,0
5,0.2,0
3,0.3333333333333333,0
1,1.0,0
2,0.5,0
0,0,0
2,0.5,0
1,1.0,0
2,0.5,0
2,0.5,0
2,0.5,0
1,1.0,0
0,0,0
3,0.3333333333333333,0
0,0,0
1,1.0,0
1,1.0,0
2,0.5,0
3,0.3333333333333333,0
2,0.5,0
1,1.0,0
2,0.5,0
0,0,0
2,0.5,0
1,1.0,0
0,0,0
1,1.0,0
1,0.5,0
1,1.0,0
1,1.0,0
1,1.0,0
0,0,0
2,0.5,0
0,0,0
1,1.0,0
1,1.0,0
2,0.5,0
2,0.5,0
3,0.3333333333333333,0
0,0,0
0,0,0
1,1.0,0
0,0,0
2,0.5,0
2,0.3333333333333333,0
1,1.0,0
1,1.0,0
2,0.5,0
3,0.3333333333333333,0
1,1.0,0
2,0.5,0
1,1.0,0
1,1.0,0
0,0,0
2,0.5,0
2,0.5,0
4,0.2,0
2,0.5,0
2,0.5,0
1,1.0,0
2,0.5,0
1,1.0,0
2,0.5,0
4,0.25,0
4,0.25,0
1,1.0,0
0,0,0
2,0.5,0
1,1.0,0
5,0.2,0
1,1.0,0
3,0.3333333333333333,0
2,0.5,0
1,1.0,0
2,0.5,0
2,0.5,0
1,1.0,0
1,1.0,0
3,0.3333333333333333,0
1,1.0,0
0,0,0
1,1.0,0
0,0,0
1,1.0,0
1,1.0,0
2,0.5,0
1,1.0,0
2,0.5,0
3,0.3333333333333333,0
2,0.5,0
2,0.5,0
1,1.0,0
2,0.5,0
0,0,0
1,1.0,0
4,0.25,0
1,1.0,0
0,0,0
2,0.5,0
3,0.3333333333333333,0
0,0,0
1,1.0,0
0,0,0
6,0.16666666666666666,0
1,1.0,0
0,0,0
1,1.0,0
1,1.0,0
1,1.0,0
0,0,0
1,1.0,0
3,0.25,0
4,0.25,0
1,0.5,0
0,0,0
2,0.5,0
3,0.3333333333333333,0
0,0,0
1,1.0,0
1,1.0,0
3,0.3333333333333333,0
1,1.0,0
2,0.5,0
1,1.0,0
1,1.0,0
1,1.0,0
2,0.5,0
3,0.3333333333333333,0
2,0.5,0
2,0.5,0
1,1.0,0
1,1.0,0
3,0.3333333333333333,0
0,0,0
2,0.5,0
0,0,0
1,1.0,0
1,1.0,0
2,0.5,0
3,0.3333333333333333,0
1,1.0,0
0,0,0
1,1.0,0
2,0.5,0
0,0,0
1,1.0,0
2,0.5,0
2,0.5,0
3,0.3333333333333333,0
0,0,0
1,1.0,0
0,0,0
0,0,0
2,0.5,0
1,1.0,0
3,0.3333333333333333,0
1,1.0,0
2,0.5,0
2,0.5,0
0,0,0
4,0.25,0
4,0.25,0
0,0,0
2,0.5,0
2,0.5,0
0,0,0
1,1.0,0
0,0,0
2,0.5,0
1,1.0,0
0,0,0
3,0.3333333333333333,0
1,1.0,0
0,0,0
1,1.0,0
0,0,0
3,0.3333333333333333,0
2,0.5,0
0,0,0
1,1.0,0
1,1.0,0
1,1.0,0
1,1.0,0
1,1.0,0
1,1.0,0
0,0,0
0,0,0
2,0.5,0
2,0.5,0
3,0.3333333333333333,0
2,0.5,0
1,1.0,0
0,0,0
3,0.3333333333333333,0
2,0.5,0
0,0,0
1,1.0,0
3,0.3333333333333333,0
3,0.3333333333333333,0
1,1.0,0
1,1.0,0
1,1.0,0
1,1.0,0
1,1.0,0
2,0.5,0
2,0.5,0
2,0.5,0
1,1.0,0
3,0.3333333333333333,0
1,1.0,0
0,0,0
1,1.0,0
2,0.5,0
1,1.0,0
2,0.3333333333333333,0
0,0,0
0,0,0
1,1.0,0
1,1.0,0
2,0.5,0
1,1.0,0
3,0.25,0
1,1.0,0
1,1.0,0
1,1.0,0
1,1.0,0
3,0.3333333333333333,0
1,1.0,0
0,0,0
1,1.0,0
3,0.3333333333333333,0
0,0,0
3,0.3333333333333333,0
1,1.0,0
2,0.5,0
1,1.0,0
0,0,0
1,1.0,0
1,1.0,0
1,1.0,0
3,0.3333333333333333,0
0,0,0
3,0.3333333333333333,0
1,1.0,0
1,1.0,0
2,0.5,0
0,0,0
3,0.3333333333333333,0
0,0,0
3,0.3333333333333333,0
5,0.16666666666666666,0
0,0,0
1,1.0,0
2,0.5,0
0,0,0
2,0.5,0
2,0.5,0
1,1.0,0
2,0.5,0
3,0.3333333333333333,0
2,0.5,0
1,1.0,0
1,0.5,0
1,1.0,0
0,0,0
1,1.0,0
3,0.3333333333333333,0
4,0.25,0
1,1.0,0
4,0.25,0
0,0,0
1,1.0,0
0,0,0
1,1.0,0
0,0,0
2,0.5,0
3,0.3333333333333333,0
2,0.5,0
0,0,0
0,0,0
2,0.5,0
3,0.3333333333333333,0
2,0.5,0
1,1.0,0
2,0.5,0
3,0.3333333333333333,0
1,1.0,0
1,1.0,0
0,0,0
2,0.5,0
2,0.5,0
2,0.5,0
1,1.0,0
2,0.5,0
1,1.0,0
1,1.0,0
2,0.5,0
0,0,0
1,1.0,0
3,0.25,0
2,0.5,0
2,0.5,0
2,0.5,0
1,1.0,0
2,0.5,0
2,0.5,0
0,0,0
2,0.5,0
1,1.0,0
1,1.0,0
0,0,0
3,0.3333333333333333,0
1,1.0,0
1,1.0,0
0,0,0
2,0.5,0
3,0.3333333333333333,0
4,0.25,0
0,0,0
2,0.5,0
1,1.0,0
1,1.0,0
4,0.25,0
0,0,0
3,0.3333333333333333,0
1,1.0,0
0,0,0
1,1.0,0
0,0,0
3,0.3333333333333333,0
2,0.5,0
2,0.5,0
1,1.0,0
2,0.5,0
2,0.5,0
2,0.5,0
0,0,0
1,1.0,0
1,1.0,0
2,0.3333333333333333,0
0,0,0
3,0.3333333333333333,0
0,0,0
0,0,0
4,0.25,0
3,0.3333333333333333,0
4,0.25,0
1,1.0,0
2,0.5,0
1,1.0,0
0,0,0
2,0.5,0
2,0.5,0
2,0.5,0
1,1.0,0
1,1.0,0
3,0.3333333333333333,0
2,0.5,0
2,0.5,0
1,0.5,0
6,0.14285714285714285,0
3,0.3333333333333333,0
2,0.5,0
1,1.0,0
1,1.0,0
1,1.0,0
1,1.0,0
0,0,0
2,0.5,0
2,0.5,0
1,1.0,0
2,0.5,0
3,0.3333333333333333,0
3,0.3333333333333333,0
1,1.0,0
2,0.5,0
2,0.5,0
2,0.5,0
3,0.3333333333333333,0
1,1.0,0
0,0,0
1,1.0,0
1,1.0,0
0,0,0
1,1.0,0
1,1.0,0
0,0,0
1,1.0,0
3,0.3333333333333333,0
3,0.3333333333333333,0
1,1.0,0
0,0,0
1,1.0,0
2,0.5,0
2,0.5,0
1,1.0,0
0,0,0
1,1.0,0
2,0.5,0
1,1.0,0
1,1.0,0
0,0,0
1,1.0,0
1,1.0,0
0,0,0
2,0.5,0
0,0,0
1,1.0,0
1,1.0,0
2,0.5,0
1,1.0,0
2,0.5,0
0,0,0
0,0,0
2,0.5,0
1,1.0,0
2,0.5,0
1,1.0,0
1,1.0,0
1,1.0,0
1,1.0,0
2,0.5,0
0,0,0
1,1.0,0
0,0,0
3,0.3333333333333333,0
1,1.0,0
1,1.0,0
0,0,0
0,0,0
0,0,0
3,0.3333333333333333,0
2,0.5,0
1,1.0,0
1,1.0,0
0,0,0
1,1.0,0
0,0,0
2,0.5,0
2,0.5,0
1,1.0,0
0,0,0
0,0,0
1,1.0,0
1,1.0,0
1,1.0,0
2,0.5,0
2,0.5,0
1,1.0,0
0,0,0
3,0.3333333333333333,0
0,0,0
1,1.0,0
2,0.5,0
1,1.0,0
1,1.0,0
1,1.0,0
2,0.5,0
2,0.5,0
1,1.0,0
2,0.5,0
2,0.5,0
0,0,0
1,1.0,0
3,0.3333333333333333,0
0,0,0
2,0.5,0
0,0,0
0,0,0
4,0.25,0
0,0,0
2,0.5,0
2,0.5,0
1,1.0,0
1,1.0,0
1,1.0,0
1,1.0,0
3,0.3333333333333333,0
3,0.3333333333333333,0
3,0.25,0
2,0.3333333333333333,0
1,1.0,0
1,1.0,0
3,0.3333333333333333,0
1,1.0,0
1,1.0,0
1,1.0,0
1,1.0,0
1,1.0,0
0,0,0
1,1.0,0
2,0.3333333333333333,0
2,0.5,0
1,1.0,0
1,1.0,0
3,0.3333333333333333,0
2,0.5,0
0,0,0
1,1.0,0
1,1.0,0
1,1.0,0
1,1.0,0
0,0,0
2,0.5,0
0,0,0
1,1.0,0
3,0.25,0
2,0.5,0
0,0,0
0,0,0
2,0.5,0
2,0.5,0
0,0,0
1,1.0,0
2,0.5,0
0,0,0
1,1.0,0
1,1.0,0
1,1.0,0
0,0,0
1,1.0,0
1,1.0,0
1,1.0,0
2,0.5,0
0,0,0
3,0.3333333333333333,0
2,0.5,0
0,0,0
0,0,0
1,1.0,0
0,0,0
3,0.3333333333333333,0
0,0,0
0,0,0
2,0.5,0
1,1.0,0
2,0.5,0
0,0,0
1,0.5,0
1,1.0,0
0,0,0
1,1.0,0
1,1.0,0
2,0.5,0
0,0,0
1,1.0,0
0,0,0
0,0,0
0,0,0
0,0,0
1,1.0,0
0,0,0
4,0.25,0
2,0.5,0
1,1.0,0
1,1.0,0
0,0,0
0,0,0
2,0.5,0
2,0.5,0
2,0.5,0
1,1.0,0
1,1.0,0
0,0,0
1,1.0,0
0,0,0
1,1.0,0
3,0.3333333333333333,0
2,0.5,0
2,0.5,0
0,0,0
1,1.0,0
2,0.5,0
2,0.5,0
3,0.3333333333333333,0
1,1.0,0
1,1.0,0
1,1.0,0
3,0.3333333333333333,0
0,0,0
1,1.0,0
2,0.5,0
0,0,0
1,1.0,0
3,0.3333333333333333,0
1139,0.000855431993156544,1
6653,0.00013770311209033325,1
12348,6.806425265450586e-05,1
7548,0.00012056908608632747,1
8723,0.00010181225819588678,1
5591,0.00016531658125309968,1
19290,3.986763943706893e-05,1
10857,7.935878104912309e-05,1
7794,0.00011559357299734135,1
13129,6.380806533945891e-05,1
12187,6.947821857847565e-05,1
6921,0.00013185654008438817,1
8695,0.00010214504596527068,1
18446,4.164064126587549e-05,1
11597,7.358893222459342e-05,1
11418,7.468259895444362e-05,1
6810,0.00013439053890606102,1
9563,9.13575735428467e-05,1
21494,3.414251084024719e-05,1
10628,8.240626287597858e-05,1
14819,5.4999450005499945e-05,1
20122,3.7505156959081875e-05,1
17462,4.4869206263741195e-05,1
17311,4.557261996992207e-05,1
8144,0.00011042402826855124,1
18605,4.121332014507089e-05,1
10318,8.456659619450317e-05,1
33448,1.7952354451286285e-05,1
22522,3.208830702092157e-05,1
15765,5.100999795960008e-05,1
11693,7.289161017566878e-05,1
27270,2.464025231618372e-05,1
10947,7.913270554720265e-05,1
10715,8.079502302658157e-05,1
11789,7.178235589692053e-05,1
13234,6.329113924050633e-05,1
15773,5.08130081300813e-05,1
7502,0.00011913271384322135,1
8803,0.00010086746015735324,1
15575,5.171433004085432e-05,1
5797,0.00016061676839062,1
9722,9.03750564844103e-05,1
6809,0.00013460761879122358,1
21632,3.3875338753387534e-05,1
10121,8.684324793747286e-05,1
13184,6.31592244047243e-05,1
10365,8.344459279038718e-05,1
19365,3.934684241589613e-05,1
8897,9.940357852882704e-05,1
18617,4.127626202171132e-05,1
13068,6.383250351078769e-05,1
20257,3.7189928967235675e-05,1
18134,4.275879762261085e-05,1
10598,8.169934640522875e-05,1
16426,4.838865769863544e-05,1
8181,0.00010871928680147858,1
9017,9.82994200334218e-05,1
7136,0.00012706480304955527,1
13233,6.31751847874155e-05,1
15164,5.345306820611503e-05,1
15918,5.0551005965018706e-05,1
9344,9.470593806231651e-05,1
16076,4.970673029128144e-05,1
9978,8.758101243650377e-05,1
17221,4.5735193231191405e-05,1
10604,8.171269815329302e-05,1
16054,4.9686972075921695e-05,1
8633,0.00010325245224574084,1
22550,3.237922548892631e-05,1
16859,4.6801141947863526e-05,1
11253,7.570595805889923e-05,1
35268,1.628346251546929e-05,1
8604,0.00010368066355624676,1
14042,5.88200694076819e-05,1
17805,4.385772553835358e-05,1
10380,8.373105584861426e-05,1
26410,2.5725457913150854e-05,1
11352,7.579777154551656e-05,1
12079,6.984703499336453e-05,1
6747,0.00013575889220743959,1
9456,9.319664492078285e-05,1
15287,5.302789267154523e-05,1
7712,0.00011705489874751258,1
12398,6.785181164337088e-05,1
12741,6.583278472679394e-05,1
15905,5.02209722780233e-05,1
7955,0.00011243534967393749,1
7384,0.00012201073694485115,1
30701,2.0549493454986334e-05,1
6009,0.00015384615384615385,1
6393,0.00014388489208633093,1
13683,6.020469596628537e-05,1
15766,5.104124132298898e-05,1
10195,8.587376556462001e-05,1
8467,0.00010594342621040364,1
20138,3.7176103200862486e-05,1
31137,1.9919525118521173e-05,1
15760,5.0625221485344e-05,1
8416,0.00010656436487638534,1
12982,6.470816617057073e-05,1
7769,0.0001155802126675913,1
24035,2.9358229111619988e-05,1
29169,2.202546143341703e-05,1
6664,0.00013691128148959474,1
17612,4.441286196482501e-05,1
15939,5.060728744939271e-05,1
21458,3.4255960537133464e-05,1
12234,6.966699177929497e-05,1
17142,4.59896983075791e-05,1
9944,8.766546857192952e-05,1
15123,5.3464499572284e-05,1
5028,0.00018474043968224645,1
18915,4.029495910061651e-05,1
8707,0.00010186411327289395,1
18211,4.259488009541253e-05,1
14792,5.515719801434087e-05,1
15515,5.199667221297837e-05,1
11593,7.412348973389667e-05,1
24432,2.889588811512122e-05,0
1,1.0,0
1,1.0,0
0,0,0
0,0,0
0,0,0
0,0,0
0,0,0
1,1.0,0
1,1.0,0
0,0,0
3,0.3333333333333333,0
0,0,0
0,0,0
1,1.0,0
2,0.5,0
1,1.0,0
1,1.0,0
1,1.0,0
0,0,0
1,1.0,0
1,1.0,0
2,0.5,0
1,0.5,0
0,0,0
0,0,0
1,1.0,0
1,1.0,0
0,0,0
2,0.5,0
1,1.0,0
0,0,0
1,1.0,0
0,0,0
1,1.0,0
1,1.0,0
0,0,0
1,0.5,0
0,0,0
0,0,0
1,1.0,0
1,1.0,0
0,0,0
0,0,0
2,0.5,0
0,0,0
0,0,0
1,1.0,0
1,1.0,0
1,1.0,0
0,0,0
2,0.5,0
2,0.5,0
0,0,0
0,0,0
1,1.0,0
0,0,0
0,0,0
1,1.0,0
0,0,0
0,0,0
1,1.0,0
1,1.0,0
0,0,0
1,1.0,0
2,0.5,0
0,0,0
2,0.5,0
1,1.0,0
1,1.0,0
1,1.0,0
2,0.5,0
0,0,0
0,0,0
1,1.0,0
1,1.0,0
1,1.0,0
2,0.5,0
1,1.0,0
0,0,0
2,0.5,0
1,1.0,0
2,0.5,0
1,1.0,0
0,0,0
1,1.0,0
0,0,0
0,0,0
0,0,0
2,0.5,0
0,0,0
0,0,0
1,1.0,0
0,0,0
1,1.0,0
1,1.0,0
0,0,0
0,0,0
2,0.5,0
1,1.0,0
0,0,0
0,0,0
0,0,0
1,1.0,0
2,0.5,0
1,1.0,0
0,0,0
0,0,0
1,1.0,0
0,0,0
2,0.5,0
0,0,0
2,0.5,0
2,0.5,0
0,0,0
0,0,0
1,1.0,0
1,1.0,0
0,0,0
1,1.0,0
1,1.0,0
2,0.5,0
0,0,0
1,1.0,0
1,1.0,0
2,0.5,0
0,0,0
0,0,0
2,0.5,0
1,1.0,0
3,0.3333333333333333,0
2,0.5,0
1,1.0,0
0,0,0
1,1.0,0
0,0,0
1,1.0,0
1,1.0,0
3,0.3333333333333333,0
0,0,0
0,0,0
2,0.5,0
0,0,0
1,1.0,0
0,0,0
1,1.0,0
0,0,0
2,0.5,0
1,1.0,0
1,1.0,0
1,1.0,0
0,0,0
1,1.0,0
3,0.3333333333333333,0
1,1.0,0
0,0,0
2,0.5,0
0,0,0
1,1.0,0
1,1.0,0
0,0,0
1,1.0,0
1,1.0,0
1,1.0,0
0,0,0
1,1.0,0
1,1.0,0
1,1.0,0
1,1.0,0
2,0.5,0
1,1.0,0
1,1.0,0
1,1.0,0
1,1.0,0
1,1.0,0
2,0.5,0
2,0.5,0
1,1.0,0
0,0,0
1,1.0,0
1,0.5,0
0,0,0
0,0,0
0,0,0
1,1.0,0
0,0,0
2,0.5,0
1,1.0,0
0,0,0
1,1.0,0
0,0,0
0,0,0
1,1.0,0
4,0.25,0
1,1.0,0
0,0,0
1,1.0,0
1,1.0,0
0,0,0
2,0.5,0
0,0,0
1,1.0,0
1,1.0,0
0,0,0
0,0,0
1,1.0,0
0,0,0
2,0.5,0
0,0,0
1,1.0,0
0,0,0
0,0,0
1,1.0,0
0,0,0
3,0.3333333333333333,0
3,0.3333333333333333,0
2,0.5,0
1,1.0,0
1,1.0,0
1,1.0,0
1,1.0,0
1,1.0,0
1,1.0,0
1,1.0,0
0,0,0
0,0,0
0,0,0
0,0,0
1,1.0,0
0,0,0
4,0.25,0
0,0,0
0,0,0
0,0,0
1,1.0,0
2,0.5,0
1,1.0,0
0,0,0
3,0.3333333333333333,0
0,0,0
1,1.0,0
1,1.0,0
1,1.0,0
1,1.0,0
1,1.0,0
2,0.5,0
3,0.3333333333333333,0
1,1.0,0
2,0.5,0
0,0,0
1,1.0,0
1,1.0,0
2,0.5,0
1,1.0,0
0,0,0
2,0.5,0
3,0.25,0
1,1.0,0
1,1.0,0
0,0,0
0,0,0
1,1.0,0
1,1.0,0
1,1.0,0
0,0,0
2,0.5,0
3,0.3333333333333333,0
2,0.5,0
0,0,0
2,0.5,0
1,1.0,0
3,0.25,0
1,1.0,0
1,1.0,0
1,1.0,0
2,0.5,0
0,0,0
0,0,0
1,1.0,0
2,0.5,0
1,1.0,0
0,0,0
0,0,0
2,0.5,0
2,0.5,0
0,0,0
0,0,0
0,0,0
1,1.0,0
3,0.3333333333333333,0
2,0.5,0
1,1.0,0
2,0.5,0
0,0,0
1,1.0,0
0,0,0
0,0,0
1,1.0,0
1,1.0,0
0,0,0
0,0,0
1,1.0,0
0,0,0
0,0,0
1,1.0,0
0,0,0
1,1.0,0
0,0,0
2,0.5,0
0,0,0
1,1.0,0
1,1.0,0
1,1.0,0
3,0.3333333333333333,0
0,0,0
1,1.0,0
0,0,0
0,0,0
2,0.25,0
1,1.0,0
0,0,0
0,0,0
0,0,0
0,0,0
0,0,0
3,0.3333333333333333,0
1,1.0,0
1,0.5,0
2,0.5,0
1,1.0,0
0,0,0
1,1.0,0
1,1.0,0
1,1.0,0
1,1.0,0
3,0.25,0
1,1.0,0
1,1.0,0
0,0,0
2,0.5,0
1,1.0,0
2,0.5,0
1,1.0,0
1,1.0,0
0,0,0
0,0,0
1,1.0,0
0,0,0
0,0,0
3,0.3333333333333333,0
2,0.5,0
0,0,0
1,1.0,0
1,1.0,0
1,1.0,0
1,1.0,0
1,1.0,0
1,1.0,0
2,0.5,0
1,1.0,0
1,1.0,0
2,0.3333333333333333,0
2,0.5,0
2,0.5,0
1,1.0,0
0,0,0
2,0.5,0
1,1.0,0
1,1.0,0
3,0.3333333333333333,0
2,0.5,0
3,0.3333333333333333,0
1,1.0,0
1,1.0,0
1,1.0,0
1,1.0,0
1,1.0,0
1,1.0,0
0,0,0
4,0.25,0
1,1.0,0
1,1.0,0
0,0,0
3,0.3333333333333333,0
1,1.0,0
1,1.0,0
2,0.5,0
3,0.3333333333333333,0
1,1.0,0
1,0.5,0
1,1.0,0
0,0,0
0,0,0
1,1.0,0
3,0.3333333333333333,0
1,1.0,0
1,1.0,0
3,0.3333333333333333,0
3,0.3333333333333333,0
4,0.25,0
1,1.0,0
0,0,0
3,0.3333333333333333,0
1,1.0,0
3,0.3333333333333333,0
1,1.0,0
0,0,0
4,0.25,0
2,0.5,0
6,0.16666666666666666,0
0,0,0
0,0,0
0,0,0
0,0,0
2,0.5,0
2,0.5,0
3,0.3333333333333333,0
2,0.5,0
3,0.3333333333333333,0
2,0.5,0
2,0.5,0
0,0,0
3,0.3333333333333333,0
0,0,0
3,0.3333333333333333,0
1,1.0,0
1,1.0,0
1,1.0,0
3,0.3333333333333333,0
1,1.0,0
0,0,0
3,0.3333333333333333,0
0,0,0
1,1.0,0
1,1.0,0
2,0.5,0
2,0.5,0
2,0.5,0
1,1.0,0
0,0,0
0,0,0
0,0,0
0,0,0
2,0.5,0
3,0.3333333333333333,0
6,0.14285714285714285,0
2,0.5,0
2,0.5,0
4,0.25,0
1,1.0,0
1,1.0,0
1,1.0,0
1,1.0,0
1,1.0,0
2,0.5,0
4,0.25,0
1,1.0,0
3,0.3333333333333333,0
0,0,0
1,1.0,0
2,0.5,0
0,0,0
1,1.0,0
2,0.5,0
1,1.0,0
1,1.0,0
1,1.0,0
4,0.25,0
3,0.3333333333333333,0
1,1.0,0
2,0.5,0
3,0.3333333333333333,0
2,0.5,0
0,0,0
2,0.5,0
2,0.5,0
2,0.5,0
2,0.5,0
0,0,0
2,0.5,0
1,1.0,0
1,1.0,0
3,0.3333333333333333,0
1,1.0,0
1,1.0,0
2,0.5,0
0,0,0
2,0.5,0
2,0.5,0
2,0.5,0
1,0.5,0
1,1.0,0
1,1.0,0
2,0.5,0
1,1.0,0
0,0,0
1,1.0,0
0,0,0
1,1.0,0
4,0.2,0
2,0.5,0
1,1.0,0
3,0.3333333333333333,0
2,0.5,0
2,0.5,0
2,0.3333333333333333,0
1,1.0,0
0,0,0
0,0,0
2,0.5,0
2,0.5,0
1,1.0,0
0,0,0
0,0,0
1,1.0,0
2,0.5,0
3,0.3333333333333333,0
0,0,0
0,0,0
2,0.5,0
1,0.5,0
2,0.5,0
2,0.5,0
0,0,0
0,0,0
1,1.0,0
0,0,0
2,0.5,0
0,0,0
0,0,0
1,1.0,0
1,1.0,0
2,0.5,0
2,0.5,0
0,0,0
1,1.0,0
1,1.0,0
3,0.3333333333333333,0
1,1.0,0
0,0,0
1,1.0,0
0,0,0
1,1.0,0
0,0,0
2,0.5,0
0,0,0
0,0,0
2,0.5,0
0,0,0
1,1.0,0
2,0.5,0
0,0,0
0,0,0
3,0.3333333333333333,0
1,1.0,0
0,0,0
1,1.0,0
1,1.0,0
0,0,0
1,1.0,0
0,0,0
1,1.0,0
1,1.0,0
3,0.3333333333333333,0
0,0,0
1,0.5,0
1,1.0,0
0,0,0
0,0,0
1,1.0,0
3,0.3333333333333333,0
0,0,0
3,0.3333333333333333,0
0,0,0
0,0,0
1,1.0,0
0,0,0
1,1.0,0
0,0,0
0,0,0
1,1.0,0
0,0,0
1,1.0,0
0,0,0
0,0,0
2,0.5,0
1,1.0,0
1,1.0,0
0,0,0
1,1.0,0
1,1.0,0
1,1.0,0
0,0,0
0,0,0
1,1.0,0
1,1.0,0
0,0,0
1,1.0,0
0,0,0
2,0.5,0
0,0,0
2,0.5,0
1,1.0,0
0,0,0
0,0,0
1,1.0,0
0,0,0
0,0,0
1,1.0,0
0,0,0
1,1.0,0
0,0,0
0,0,0
0,0,0
0,0,0
1,1.0,0
0,0,0
1,1.0,0
2,0.5,0
1,1.0,0
0,0,0
0,0,0
1,1.0,0
1,1.0,0
1,1.0,0
0,0,0
1,1.0,0
0,0,0
0,0,0
1,1.0,0
1,1.0,0
0,0,0
2,0.5,0
1,1.0,0
0,0,0
1,1.0,0
0,0,0
1,1.0,0
1,1.0,0
0,0,0
0,0,0
1,1.0,0
0,0,0
2,0.5,0
0,0,0
0,0,0
1,1.0,0
0,0,0
0,0,0
1,1.0,0
1,1.0,0
0,0,0
0,0,0
0,0,0
1,1.0,0
3,0.3333333333333333,0
0,0,0
0,0,0
0,0,0
1,1.0,0
1,1.0,0
1,1.0,0
0,0,0
2,0.5,0
0,0,0
0,0,0
0,0,0
3,0.3333333333333333,0
1,1.0,0
1,1.0,0
1,1.0,0
0,0,0
2,0.5,0
1,1.0,0
0,0,0
3,0.3333333333333333,0
1,1.0,0
0,0,0
0,0,0
1,1.0,0
2,0.5,0
1,1.0,0
0,0,0
0,0,0
0,0,0
1,1.0,0
1,1.0,0
0,0,0
3,0.3333333333333333,0
1,1.0,0
1,1.0,0
0,0,0
0,0,0
2,0.5,0
1,1.0,0
3,0.3333333333333333,0
1,1.0,0
1,1.0,0
1,1.0,0
1,1.0,0
1,1.0,0
0,0,0
0,0,0
1,1.0,0
2,0.5,0
1,1.0,0
0,0,0
2,0.5,0
1,1.0,0
1,0.5,0
0,0,0
2,0.5,0
0,0,0
0,0,0
0,0,0
0,0,0
0,0,0
0,0,0
1,1.0,0
1,1.0,0
1,1.0,0
2,0.5,0
2,0.5,0
1,1.0,0
1,1.0,0
0,0,0
0,0,0
1,1.0,0
0,0,0
0,0,0
0,0,0
0,0,0
0,0,0
1,1.0,0
0,0,0
0,0,0
0,0,0
2,0.5,0
1,1.0,0
1,1.0,0
2,0.5,0
1,1.0,0
1,1.0,0
2,0.3333333333333333,0
2,0.5,0
0,0,0
0,0,0
0,0,0
0,0,0
2,0.5,0
0,0,0
2,0.3333333333333333,0
0,0,0
0,0,0
0,0,0
1,1.0,0
2,0.5,0
2,0.5,0
0,0,0
0,0,0
2,0.5,0
1,1.0,0
1,1.0,0
2,0.5,0
1,1.0,0
2,0.5,0
4,0.25,0
0,0,0
1,1.0,0
0,0,0
2,0.5,0
1,1.0,0
0,0,0
0,0,0
0,0,0
0,0,0
0,0,0
0,0,0
1,1.0,0
1,1.0,0
0,0,0
0,0,0
0,0,0
5,0.2,0
0,0,0
0,0,0
2,0.5,0
1,0.5,0
1,1.0,0
1,1.0,0
2,0.5,0
3,0.3333333333333333,0
1,1.0,0
1,1.0,0
0,0,0
0,0,0
0,0,0
2,0.5,0
0,0,0
1,1.0,0
1,1.0,0
1,1.0,0
0,0,0
1,1.0,0
2,0.5,0
1,1.0,0
1,1.0,0
1,1.0,0
1,1.0,0
2,0.5,0
1,1.0,0
1,0.5,0
1,1.0,0
1,1.0,0
1,1.0,0
0,0,0
1,1.0,0
0,0,0
0,0,0
3,0.25,0
0,0,0
1,1.0,0
0,0,0
1,1.0,0
1,1.0,0
1,0.5,0
1,1.0,0
1,1.0,0
0,0,0
1,1.0,0
2,0.5,0
1,1.0,0
2,0.5,0
2,0.5,0
0,0,0
0,0,0
3,0.3333333333333333,0
1,1.0,0
1,1.0,0
0,0,0
1,1.0,0
0,0,0
2,0.5,0
0,0,0
1,1.0,0
2,0.5,0
0,0,0
2,0.5,0
2,0.5,0
1,1.0,0
0,0,0
0,0,0
0,0,0
1,1.0,0
0,0,0
2,0.5,0
1,1.0,0
1,1.0,0
1,1.0,0
0,0,0
0,0,0
2,0.5,0
2,0.5,0
1,1.0,0
1,1.0,0
1,1.0,0
0,0,0
0,0,0
1,1.0,0
1,1.0,0
0,0,0
1,1.0,0
2,0.5,0
1,1.0,0
0,0,0
0,0,0
1,1.0,0
1,1.0,0
1,1.0,0
1,1.0,0
0,0,0
0,0,0
